date,Strategy_PnL_Daily,Strategy_PnL_Cumulative,SPX_PnL_Daily,SPX_PnL_Cumulative
2016-03-04,0.0,0.0,0.0033059095013543427,0.0033059095013543427
2016-03-07,-0.0168579626972739,-0.0168579626972739,0.0008850044250221512,0.004190913926376494
2016-03-08,-0.011722241631224525,-0.028580204328498424,-0.011240108704340224,-0.00704919477796373
2016-03-09,0.0,-0.028580204328498424,0.005052393318714987,-0.0019968014592487426
2016-03-10,-0.0102089520577005,-0.038789156386198925,0.00015583684385145347,-0.0018409646153972892
2016-03-11,0.0,-0.038789156386198925,0.016395502545776264,0.014554537930378975
2016-03-14,0.0065005417118091,-0.03228861467438983,-0.0012610091039911842,0.01329352882638779
2016-03-15,0.0080731969860065,-0.02421541768838333,-0.0018369610425620353,0.011456567783825755
2016-03-16,0.0,-0.02421541768838333,0.005600392870784177,0.01705696065460993
2016-03-17,0.0,-0.02421541768838333,0.0065952387999328455,0.023652199454542777
2016-03-18,0.0200657325722192,-0.004149685116164131,0.004405588579773578,0.028057788034316355
2016-03-21,0.00790600230851395,0.0037563171923498187,0.0009855677748611402,0.029043355809177496
2016-03-22,0.0,0.0037563171923498187,-0.0008773640085785184,0.028165991800598977
2016-03-23,-0.0187786697247706,-0.01502235253242078,-0.006385988876963622,0.021780002923635355
2016-03-24,-0.0116873630387143,-0.02670971557113508,-0.00037806069592627445,0.02140194222770908
2016-03-28,-0.0129963898916968,-0.039706105462831875,0.0005452027073489241,0.021947144935058005
2016-03-29,0.0,-0.039706105462831875,0.008816671166638201,0.030763816101696206
2016-03-30,0.0,-0.039706105462831875,0.004350343793947387,0.03511415989564359
2016-03-31,0.0,-0.039706105462831875,-0.0020397780953995692,0.033074381800244024
2016-04-01,0.0,-0.039706105462831875,0.006330896132521691,0.039405277932765714
2016-04-04,0.0583426235600149,0.018636518097183023,-0.0032082517199124583,0.036197026212853256
2016-04-05,-0.0228530190040895,-0.004216500906906475,-0.010144569799577008,0.026052456413276248
2016-04-06,0.0,-0.004216500906906475,0.010507683957812652,0.0365601403710889
2016-04-07,-0.0058662495111458,-0.010082750418052275,-0.011975845083371128,0.024584295287717772
2016-04-08,0.0023613342996044997,-0.007721416118447775,0.0027866066574921966,0.02737090194520997
2016-04-11,-0.003876231759264449,-0.011597647877712225,-0.002739792928306284,0.024631109016903685
2016-04-12,-0.0091934809862097,-0.020791128863921926,0.00966214330138726,0.034293252318290945
2016-04-13,0.0,-0.020791128863921926,0.010040160642570406,0.04433341296086135
2016-04-14,0.0013109801496066502,-0.019480148714315276,0.00017287578874580767,0.04450628874960716
2016-04-15,0.0,-0.019480148714315276,-0.00098426141983321,0.04352202732977395
2016-04-18,0.0,-0.019480148714315276,0.006540973600611455,0.050063000930385404
2016-04-19,0.0392170920562087,0.019736943341893423,0.0030845039487379378,0.05314750487912334
2016-04-20,-0.0093825457054155,0.010354397636477924,0.0007616146230007281,0.05390911950212407
2016-04-21,0.005259544352433081,0.015613941988911004,-0.005194063926940662,0.04871505557518341
2016-04-22,-0.005362976434224066,0.01025096555468694,4.7813031919918814e-05,0.04876286860710333
2016-04-25,-0.00023616423005816747,0.010014801324628772,-0.0018120272712495167,0.04695084133585381
2016-04-26,-0.016553239743141372,-0.0065384384185126,0.001872793719674748,0.04882363505552856
2016-04-27,-0.04886830824195373,-0.05540674666046633,0.001649376105560263,0.05047301116108882
2016-04-28,-0.0021123754203679172,-0.05751912208083425,-0.00923084266043006,0.04124216850065876
2016-04-29,-0.0033151200320769665,-0.06083424211291121,-0.00506308380824827,0.03617908469241049
2016-05-02,-0.023481022508842424,-0.08431526462175364,0.007810003389338016,0.043989088081748506
2016-05-03,-0.0031204992798846,-0.08743576390163824,-0.008676727057840061,0.035312361023908445
2016-05-04,-0.0528300414678196,-0.14026580536945782,-0.005936889651395494,0.02937547137251295
2016-05-05,-0.0035695159903326172,-0.14383532135979044,-0.00023889387261577522,0.029136577499897176
2016-05-06,-0.03293522678086964,-0.17677054814066007,0.003174634136826171,0.03231121163672335
2016-05-09,0.0049597817315851,-0.17181076640907497,0.0007534732687128898,0.03306468490543624
2016-05-10,0.0,-0.17181076640907497,0.012483666797817872,0.04554835170325411
2016-05-11,0.0109844559585492,-0.16082631045052578,-0.0095615503816463,0.03598680132160781
2016-05-12,0.0007546030787805,-0.16007170737174528,-0.00016953585925616466,0.035817265462351644
2016-05-13,-0.00036381534355549934,-0.1604355227153008,-0.008478230326872227,0.027339035135479417
2016-05-16,-0.0842745438748914,-0.24471006659019218,0.009796688181920254,0.03713572331739967
2016-05-17,0.0007847876430253,-0.24392527894716687,-0.009411320681679491,0.02772440263572018
2016-05-18,0.037106784558040506,-0.20681849438912636,0.00020515726281145064,0.02792955989853163
2016-05-19,0.0030721792985225335,-0.20374631509060384,-0.0037067243593813526,0.024222835539150278
2016-05-20,0.0,-0.20374631509060384,0.006019489813925416,0.030242325353075694
2016-05-23,-0.0028588624736683,-0.20660517756427213,-0.002085444764948985,0.02815688058812671
2016-05-24,0.0,-0.20660517756427213,0.013681373410675546,0.041838253998802255
2016-05-25,-0.0041996890247461,-0.21080486658901823,0.006974750248066153,0.04881300424686841
2016-05-26,-0.002519626792865599,-0.21332449338188383,-0.0002104719354808493,0.04860253231138756
2016-05-27,0.0,-0.21332449338188383,0.004286876226017977,0.052889408537405536
2016-05-31,0.0138659667984778,-0.19945852658340604,-0.0010004478195001498,0.051888960717905386
2016-06-01,0.0037075689333187,-0.19575095765008735,0.001130207538531991,0.05301916825643738
2016-06-02,0.0,-0.19575095765008735,0.002824710741046177,0.055843878997483554
2016-06-03,0.0,-0.19575095765008735,-0.0029117543676315805,0.05293212462985197
2016-06-06,0.005664263645726,-0.19008669400436135,0.004897266962979874,0.05782939159283185
2016-06-07,0.0,-0.19008669400436135,0.0012894600859958416,0.05911885167882769
2016-06-08,-0.0172881897308952,-0.20737488373525653,0.003309455383901483,0.06242830706272917
2016-06-09,0.0,-0.20737488373525653,-0.0017176941371889187,0.06071061292554025
2016-06-10,0.0,-0.20737488373525653,-0.009175222644506098,0.051535390281034155
2016-06-13,0.0130940588192168,-0.19428082491603973,-0.008115186992800894,0.04342020328823326
2016-06-14,0.0083010940022034,-0.18597973091383632,-0.0017988898829277566,0.041621313405305504
2016-06-15,0.0024283462934969334,-0.18355138462033938,-0.0018406799915194894,0.039780633413786015
2016-06-16,0.0,-0.18355138462033938,0.0031329954139511784,0.042913628827737194
2016-06-17,0.0,-0.18355138462033938,-0.003257956005563112,0.03965567282217408
2016-06-20,0.0,-0.18355138462033938,0.005808171029634712,0.045463843851808794
2016-06-21,0.0,-0.18355138462033938,0.0027121084843393373,0.04817595233614813
2016-06-22,-0.0321419388017485,-0.21569332342208788,-0.001651586959643958,0.04652436537650417
2016-06-23,-0.0579119086460031,-0.273605232068091,0.013364022153492305,0.05988838752999648
2016-06-24,0.026534488737900243,-0.24707074333019077,-0.03591978498287063,0.02396860254712585
2016-06-27,0.020936933785952305,-0.22613380954423848,-0.01809650487628911,0.00587209767083674
2016-06-28,0.015780307437882557,-0.21035350210635592,0.01777020204544777,0.02364229971628451
2016-06-29,0.0030576617573634854,-0.20729584034899243,0.01703264590465059,0.0406749456209351
2016-06-30,0.0191127385737204,-0.18818310177527203,0.013565002390415248,0.05423994801135035
2016-07-01,-0.0068640796682394,-0.19504718144351144,0.0019486769007937,0.05618862491214405
2016-07-05,0.015346038887098026,-0.1797011425564134,-0.006847523716683512,0.049341101195460535
2016-07-06,-0.02507509863304281,-0.2047762411894562,0.005352996097771179,0.054694097293231714
2016-07-07,-0.0004471531467970667,-0.20522339433625328,-0.0008715406266519565,0.05382255666657976
2016-07-08,0.0,-0.20522339433625328,0.015253348586681925,0.06907590525326168
2016-07-11,0.0,-0.20522339433625328,0.0034086107328981097,0.07248451598615979
2016-07-12,0.0,-0.20522339433625328,0.007009302064421963,0.07949381805058175
2016-07-13,0.00475663476351715,-0.20046675957273613,0.00013474959807435738,0.07962856764865611
2016-07-14,0.0,-0.20046675957273613,0.005259172191430128,0.08488773984008624
2016-07-15,0.0083283759666865,-0.19213838360604962,-0.0009289428076257877,0.08395879703246045
2016-07-18,0.0,-0.19213838360604962,0.0023823401519147414,0.0863411371843752
2016-07-19,0.0,-0.19213838360604962,-0.001435236675604079,0.08490590050877111
2016-07-20,0.0119384958424304,-0.18019988776361923,0.004270304744474762,0.08917620525324588
2016-07-21,0.0,-0.18019988776361923,-0.0036124840084306165,0.08556372124481526
2016-07-22,0.0,-0.18019988776361923,0.004553914935085945,0.0901176361799012
2016-07-25,-0.0138268636207488,-0.19402675138436803,-0.0030114527155947757,0.08710618346430643
2016-07-26,0.0,-0.19402675138436803,0.0003228067586511507,0.08742899022295758
2016-07-27,0.009689785122721431,-0.1843369662616466,-0.001198609612849011,0.08623038061010857
2016-07-28,-0.011506123876360502,-0.1958430901380071,0.0016062180948777094,0.08783659870498628
2016-07-29,-0.02244518495078797,-0.21828827508879506,0.0016312913007012764,0.08946789000568756
2016-08-01,0.00797471565066906,-0.210313559438126,-0.0012697828487301388,0.08819810715695742
2016-08-02,0.0037151057858934664,-0.20659845365223253,-0.006361592747507805,0.08183651440944961
2016-08-03,0.00949117265709192,-0.1971072809951406,0.00313393879547319,0.0849704532049228
2016-08-04,0.0006473740699686004,-0.196459906925172,0.00021258994634409945,0.0851830431512669
2016-08-05,-0.0019677137336668,-0.19842762065883882,0.008603442301027941,0.09378648545229484
2016-08-08,-0.00713153671622695,-0.20555915737506578,-0.0009070627201803738,0.09287942273211447
2016-08-09,0.0064377682403433,-0.19912138913472247,0.0003897491391129382,0.09326917187122741
2016-08-10,-0.009028146530597275,-0.20814953566531974,-0.002864685984581117,0.09040448588664629
2016-08-11,0.0026054113008595003,-0.20554412436446023,0.0047345655461528136,0.0951390514327991
2016-08-12,0.0,-0.20554412436446023,-0.0007960508557545154,0.09434300057704459
2016-08-15,-0.0155288602402578,-0.22107298460471803,0.002792976351273957,0.09713597692831855
2016-08-16,-0.0075773521363923,-0.22865033674111032,-0.005479076775563363,0.09165690015275518
2016-08-17,0.00435772724664345,-0.22429260949446686,0.001868558180106783,0.09352545833286197
2016-08-18,-3.154714179636701e-05,-0.22432415663626323,0.002199594907937863,0.09572505324079983
2016-08-19,0.00019446062417584993,-0.22412969601208738,-0.001440316046492529,0.0942847371943073
2016-08-22,-0.0105911139159221,-0.23472080992800948,-0.0005632203382069934,0.0937215168561003
2016-08-23,0.01017769534852465,-0.22454311457948484,0.0019517648352453953,0.0956732816913457
2016-08-24,-0.0050278150597505,-0.22957092963923534,-0.005240294480771901,0.0904329872105738
2016-08-25,0.006040402592746966,-0.22353052704648838,-0.001365241054683275,0.08906774615589053
2016-08-26,-0.008687086179017782,-0.23221761322550616,-0.0015788480393283955,0.08748889811656213
2016-08-29,0.0,-0.23221761322550616,0.005228119352340244,0.09271701746890237
2016-08-30,0.0,-0.23221761322550616,-0.0019537878718389745,0.0907632295970634
2016-08-31,0.006296216630592233,-0.22592139659491392,-0.0023757880999210057,0.0883874414971424
2016-09-01,-0.009641360417278401,-0.23556275701219231,-4.145650521647504e-05,0.08834598499192592
2016-09-02,-0.00753261204825895,-0.24309536906045126,0.004201100024874949,0.09254708501680087
2016-09-06,-0.0008616570051225999,-0.24395702606557387,0.002981678730997528,0.0955287637477984
2016-09-07,-0.013981686484402152,-0.257938712549976,-0.00014635395704520882,0.09538240979075319
2016-09-08,0.0127389374821165,-0.24519977506785953,-0.002223076078603392,0.0931593337121498
2016-09-09,-0.010315248207626424,-0.255515023275486,-0.024522073992573334,0.06863725971957646
2016-09-12,0.002230203906683215,-0.25328481936880276,0.014677062331693191,0.08331432205126965
2016-09-13,0.006937476263766951,-0.2463473431050358,-0.014830665480954464,0.06848365657031519
2016-09-14,-0.003045315561554738,-0.24939265866659055,-0.0005876766556026647,0.06789597991471252
2016-09-15,-0.01340817972261635,-0.2628008383892069,0.01010927804983619,0.07800525796454871
2016-09-16,-0.0038867295946697,-0.2666875679838766,-0.0037722492851356426,0.07423300867941307
2016-09-19,0.0,-0.2666875679838766,-1.8698928551330596e-05,0.07421430975086174
2016-09-20,0.02133916899495035,-0.24534839898892624,0.00029918845132592686,0.07451349820218767
2016-09-21,-0.0037005778095175,-0.24904897679844373,0.010917112199498868,0.08543061040168654
2016-09-22,-0.0088471626443971,-0.25789613944284084,0.006499870557343135,0.09193048095902967
2016-09-23,-0.019104772717473947,-0.2770009121603148,-0.005736778768866024,0.08619370219016365
2016-09-26,0.0054491022072203,-0.2715518099530945,-0.00858783474770064,0.077605867442463
2016-09-27,0.0,-0.2715518099530945,0.006444247705139627,0.08405011514760263
2016-09-28,0.0087370929308974,-0.2628147170221971,0.005296467941090732,0.08934658308869337
2016-09-29,0.01069272890691915,-0.252121988115278,-0.00932130406149101,0.08002527902720236
2016-09-30,-0.006020942408377,-0.258142930523655,0.007967905240501505,0.08799318426770386
2016-10-03,0.0,-0.258142930523655,-0.003260664031693561,0.0847325202360103
2016-10-04,0.00179801728068505,-0.25634491324296993,-0.004955580233203749,0.07977694000280655
2016-10-05,-0.0060034305317324,-0.26234834377470234,0.004296695171798204,0.08407363517460475
2016-10-06,0.0095523112871163,-0.25279603248758603,0.0004815416741907885,0.08455517684879554
2016-10-07,-0.0144069976845895,-0.2672030301721755,-0.0032534698278855467,0.08130170702091
2016-10-10,0.005849043385493,-0.2613539867866825,0.004605941292820992,0.08590764831373099
2016-10-11,-0.0038761722753057667,-0.26523015906198827,-0.012446502685264704,0.07346114562846628
2016-10-12,0.0400616332819722,-0.22516852578001606,0.0011466118788989732,0.07460775750736526
2016-10-13,0.0,-0.22516852578001606,-0.0030993184304264343,0.07150843907693882
2016-10-14,0.0082079343365252,-0.21696059144349086,0.00020163653841631657,0.07171007561535514
2016-10-17,-0.0003470918348576998,-0.21730768327834857,-0.0030380031692749387,0.0686720724460802
2016-10-18,-0.0014164305949008,-0.21872411387324936,0.006160357394780158,0.07483242984086036
2016-10-19,0.0,-0.21872411387324936,0.0021919985043934442,0.0770244283452538
2016-10-20,0.0015054797945627748,-0.21721863407868658,-0.0013757467506726462,0.07564868159458116
2016-10-21,-0.00124023949010286,-0.21845887356878943,-8.405951413614776e-05,0.07556462208044501
2016-10-24,0.0038588232346329497,-0.21460005033415647,0.004749761811354558,0.08031438389179957
2016-10-25,-0.007474127407528049,-0.2220741777416845,-0.0037976507555791406,0.07651673313622043
2016-10-26,-0.004149461832956933,-0.22622363957464142,-0.0017404206872095873,0.07477631244901084
2016-10-27,0.0011387297555158927,-0.22508490981912552,-0.0029867768517781723,0.07178953559723267
2016-10-28,-0.013458456935362182,-0.2385433667544877,-0.003108239882983921,0.06868129571424875
2016-10-31,-0.0033777744313590553,-0.24192114118584676,-0.00012227181023405365,0.0685590239040147
2016-11-01,-0.01636639318718065,-0.2582875343730274,-0.006786915316417175,0.06177210858759752
2016-11-02,0.004604826098527471,-0.25368270827449996,-0.00652548633341532,0.0552466222541822
2016-11-03,0.015338140470840065,-0.2383445678036599,-0.0044233867508127744,0.050823235503369424
2016-11-04,0.003484137186035478,-0.2348604306176244,-0.0016661400132141901,0.049157095490155234
2016-11-07,0.013501732268664333,-0.22135869834896008,0.022223501088635134,0.07138059657879037
2016-11-08,0.0132813557653748,-0.2080773425835853,0.003771956162738288,0.07515255274152866
2016-11-09,-0.02404558944989455,-0.23212293203347983,0.011077043878180648,0.0862295966197093
2016-11-10,0.0004349167772055178,-0.2316880152562743,0.0019507595018628532,0.08818035612157216
2016-11-11,0.015054572248529765,-0.21663344300774454,-0.0013979367745031723,0.08678241934706898
2016-11-14,-0.0014065581406207,-0.21804000114836525,-0.00011550278361704969,0.08666691656345193
2016-11-15,0.0015175655418702,-0.21652243560649503,0.007480824323075508,0.09414774088652744
2016-11-16,0.0057616167249634,-0.21076081888153164,-0.0015822857378724464,0.092565455148655
2016-11-17,-0.0238694557764083,-0.23463027465793995,0.004676288735564471,0.09724174388421947
2016-11-18,-0.0191890459014309,-0.25381932055937084,-0.002386700318226631,0.09485504356599284
2016-11-21,0.011245149398422933,-0.2425741711609479,0.007461386864659136,0.10231643043065197
2016-11-22,0.005946372377286966,-0.23662779878366094,0.0021654277629676866,0.10448185819361966
2016-11-23,0.0022636645566364998,-0.23436413422702443,0.0008080111124224576,0.10528986930604212
2016-11-25,0.0046419098143236,-0.22972222441270082,0.003914329257229898,0.10920419856327201
2016-11-28,0.0,-0.22972222441270082,-0.005254478505433036,0.10394972005783898
2016-11-29,-0.0224980605120248,-0.25222028492472565,0.00133531965917566,0.10528503971701464
2016-11-30,0.0,-0.25222028492472565,-0.0026534703763845258,0.10263156934063011
2016-12-01,0.015601160967663999,-0.23661912395706164,-0.0035155379500729778,0.09911603139055714
2016-12-02,0.015737417133114297,-0.22088170682394734,0.0003970644613615626,0.0995130958519187
2016-12-05,0.0181708055723802,-0.20271090125156713,0.005821300668354734,0.10533439652027343
2016-12-06,0.0,-0.20271090125156713,0.0034108794353906458,0.10874527595566408
2016-12-07,0.0,-0.20271090125156713,0.013163188276083426,0.1219084642317475
2016-12-08,0.00074126560268245,-0.20196963564888468,0.002159412853860454,0.12406787708560796
2016-12-09,0.0049121439691904994,-0.19705749167969416,0.005938945503274562,0.13000682258888252
2016-12-12,-0.01952769308101185,-0.216585184760706,-0.0011374046815045835,0.12886941790737794
2016-12-13,-0.000473933649289,-0.217059118409995,0.006539770310506121,0.13540918821788406
2016-12-14,-0.0043870967741935,-0.2214462151841885,-0.008117197541950394,0.12729199067593366
2016-12-15,-0.009725400457666,-0.2311716156418545,0.003883228005396644,0.1311752186813303
2016-12-16,-0.001331356369508666,-0.2325029720113632,-0.0017506399119374683,0.12942457876939284
2016-12-19,-0.0115942028985508,-0.24409717490991398,0.001975138060378967,0.1313997168297718
2016-12-20,0.0,-0.24409717490991398,0.0036375208284531446,0.13503723765822495
2016-12-21,0.01096305775055915,-0.23313411715935484,-0.002457327062305281,0.13257991059591967
2016-12-22,0.0,-0.23313411715935484,-0.00186298660592088,0.1307169239899988
2016-12-23,-0.0008802816901408,-0.23401439884949563,0.0012516807020026555,0.13196860469200145
2016-12-27,0.0,-0.23401439884949563,0.002248441772426002,0.13421704646442745
2016-12-28,0.0,-0.23401439884949563,-0.00835654596100277,0.12586050050342468
2016-12-29,0.0,-0.23401439884949563,-0.00029334376333378653,0.1255671567400909
2016-12-30,0.0,-0.23401439884949563,-0.004637080639855018,0.12093007610023587
2017-01-03,0.0,-0.23401439884949563,0.008486575577422162,0.12941665167765803
2017-01-04,0.0,-0.23401439884949563,0.00572230858833489,0.13513896026599292
2017-01-05,-0.0095603556251491,-0.24357475447464472,-0.0007706704833204681,0.13436828978267246
2017-01-06,0.008187672423394899,-0.2353870820512498,0.00351696782723665,0.1378852576099091
2017-01-09,0.0,-0.2353870820512498,-0.0035485599346501973,0.1343366976752589
2017-01-10,0.0,-0.2353870820512498,0.0,0.1343366976752589
2017-01-11,-0.004301656752372,-0.23968873880362182,0.002829564987438804,0.1371662626626977
2017-01-12,0.00038141153195133325,-0.23930732727167048,-0.002144753265474808,0.1350215093972229
2017-01-13,0.0033675454606753997,-0.2359397818109951,0.0018498617008155804,0.13687137109803849
2017-01-17,-0.0153602340607095,-0.2513000158717046,-0.0029675025498540064,0.13390386854818448
2017-01-18,0.0019465504504362,-0.24935346542126838,0.0017637539739581154,0.1356676225221426
2017-01-19,-0.006088753626920401,-0.25544221904818876,-0.0036093296770529637,0.13205829284508963
2017-01-20,-0.0060147220046984995,-0.26145694105288725,0.003366185299223723,0.13542447814431335
2017-01-23,0.0018306864418514662,-0.2596262546110358,-0.0026900775323491777,0.13273440061196418
2017-01-24,-0.0069523809523809,-0.26657863556341665,0.006564541762317022,0.1392989423742812
2017-01-25,0.0142585551330798,-0.2523200804303369,0.008026069375062894,0.1473250117493441
2017-01-26,0.0,-0.2523200804303369,-0.0007353037152416642,0.14658970803410243
2017-01-27,0.0018950504361110601,-0.25042502999422583,-0.000866468119198105,0.14572323991490432
2017-01-30,-0.0049765765514237,-0.25540160654564953,-0.006009526341248739,0.13971371357365558
2017-01-31,0.0079064536246404,-0.24749515292100913,-0.0008899995615766487,0.13882371401207894
2017-02-01,0.006059494230849949,-0.24143565869015918,0.00029839350204285964,0.1391221075141218
2017-02-02,-0.0006043374587507999,-0.24203999614890997,0.0005702879954376794,0.13969239550955947
2017-02-03,0.00944492772002685,-0.2325950684288831,0.007264835478001608,0.14695723098756108
2017-02-06,0.0,-0.2325950684288831,-0.002115416423640437,0.14484181456392065
2017-02-07,0.0036745948503087503,-0.22892047357857437,0.00022682067208701362,0.14506863523600766
2017-02-08,0.00558807965352034,-0.22333239392505402,0.0006933905489561187,0.14576202578496378
2017-02-09,0.006848135317496875,-0.21648425860755716,0.0057524611382027135,0.1515144869231665
2017-02-10,0.030694284463983052,-0.1857899741435741,0.0035660587468098193,0.1550805456699763
2017-02-13,0.0134292565947241,-0.17236071754885,0.005245887483269263,0.16032643315324557
2017-02-14,0.0,-0.17236071754885,0.004007301621389514,0.1643337347746351
2017-02-15,0.00860183260937315,-0.16375888493947685,0.004992342508064018,0.1693260772826991
2017-02-16,-0.005527577177133499,-0.16928646211661036,-0.0008641055656061214,0.16846197171709298
2017-02-17,-0.0167623840111556,-0.18604884612776595,0.0016785814708464297,0.17014055318793941
2017-02-21,0.0,-0.18604884612776595,0.00604807839534538,0.1761886315832848
2017-02-22,-0.0170623145400593,-0.20311116066782525,-0.0010822785345272479,0.17510635304875755
2017-02-23,0.0,-0.20311116066782525,0.00041899086684549225,0.17552534391560304
2017-02-24,-0.0163525222621779,-0.21946368293000315,0.001493351834538359,0.1770186957501414
2017-02-27,-0.015203558430113201,-0.23466724136011635,0.001018020225231675,0.17803671597537307
2017-02-28,0.0246696035242291,-0.20999763783588726,-0.0025783310475788745,0.1754583849277942
2017-03-01,-0.0370566437268395,-0.24705428156272677,0.013673825117192173,0.18913221004498637
2017-03-02,0.0179233621755252,-0.22913091938720156,-0.0058598641045760624,0.1832723459404103
2017-03-03,-0.011526424616216098,-0.24065734400341765,0.0005037952576072424,0.18377614119801755
2017-03-06,0.0065949323151683,-0.23406241168824934,-0.0032772164221692712,0.18049892477584828
2017-03-07,0.00482246131388115,-0.2292399503743682,-0.0029133039476952893,0.177585620828153
2017-03-08,0.0,-0.2292399503743682,-0.0022842521713062336,0.17530136865684676
2017-03-09,0.004391976643757421,-0.22484797373061077,0.0007998374933346764,0.17610120615018143
2017-03-10,0.0,-0.22484797373061077,0.0032686786165836423,0.17936988476676508
2017-03-13,0.0184810468096587,-0.20636692692095207,0.00036668633566550035,0.17973657110243058
2017-03-14,0.0009503444998811,-0.20541658242107097,-0.0033790189048102937,0.17635755219762028
2017-03-15,-0.0113972764949673,-0.21681385891603827,0.008374727853051489,0.18473228005067177
2017-03-16,-0.006586836786268366,-0.22340069570230664,-0.001626657052061442,0.18310562299861033
2017-03-17,0.0036026200873362,-0.21979807561497045,-0.0013143639402364293,0.1817912590583739
2017-03-20,-0.00011548720058910007,-0.21991356281555954,-0.00200988121517931,0.1797813778431946
2017-03-21,-0.0018709253851892,-0.22178448820074875,-0.012407993359932812,0.16737338448326178
2017-03-22,-0.001796762076909835,-0.2235812502776586,0.0018899156150544716,0.16926330009831625
2017-03-23,0.0,-0.2235812502776586,-0.0010602737976110888,0.16820302630070516
2017-03-24,0.016416785325404,-0.2071644649522546,-0.0008440041603438031,0.16735902214036136
2017-03-27,0.0,-0.2071644649522546,-0.0010196332733214408,0.16633938886703992
2017-03-28,-0.0023248648497241,-0.2094893298019787,0.007251482966702083,0.173590871833742
2017-03-29,-0.0005944696334923667,-0.21008379943547106,0.0010854034436120763,0.17467627527735408
2017-03-30,-0.014163467276629151,-0.2242472667121002,0.0029350353432466836,0.17761131062060076
2017-03-31,0.0033719082048427503,-0.22087535850725745,-0.002255010430479043,0.17535630019012172
2017-04-03,0.0,-0.22087535850725745,-0.0016421751202002621,0.17371412506992145
2017-04-04,0.0236498411577833,-0.19722551734947416,0.0005595970900948988,0.17427372216001635
2017-04-05,-0.0059521245622851495,-0.2031776419117593,-0.0030548776354145657,0.1712188445246018
2017-04-06,0.0,-0.2031776419117593,0.0019294927644020188,0.1731483372890038
2017-04-07,0.0,-0.2031776419117593,-0.0008271509105022279,0.17232118637850158
2017-04-10,0.0,-0.2031776419117593,0.0006877403907383783,0.17300892676923996
2017-04-11,0.0,-0.2031776419117593,-0.0014339289653649834,0.17157499780387497
2017-04-12,0.0,-0.2031776419117593,-0.0037599095922304926,0.16781508821164448
2017-04-13,-0.011755442677192167,-0.21493308458895147,-0.006814702357852864,0.16100038585379162
2017-04-17,0.0,-0.21493308458895147,0.008613323600764389,0.169613709454556
2017-04-18,0.00867223571137985,-0.20626084887757162,-0.0029033507733046138,0.1667103586812514
2017-04-19,-0.007507256752077871,-0.21376810562964949,-0.0017163423974997372,0.16499401628375165
2017-04-20,-0.0049696232896293,-0.21873772891927878,0.007557192163101911,0.17255120844685357
2017-04-21,-0.0031371619674445,-0.2218748908867233,-0.0030350108666123976,0.16951619758024117
2017-04-24,0.0048456362311849995,-0.2170292546555383,0.010840085324159476,0.18035628290440064
2017-04-25,0.0,-0.2170292546555383,0.006090600846618832,0.18644688375101948
2017-04-26,-0.0009771986970683,-0.2180064533526066,-0.0004856380907726221,0.18596124566024685
2017-04-27,-0.0020632737276479,-0.2200697270802545,0.0005528911600243269,0.18651413682027118
2017-04-28,0.002117175094293175,-0.2179525519859613,-0.0019131184668260692,0.1846010183534451
2017-05-01,0.0,-0.2179525519859613,0.00173223722842053,0.18633325558186564
2017-05-02,-0.008580009827704101,-0.2265325618136654,0.001189115406999841,0.18752237098886548
2017-05-03,0.016443751000033282,-0.21008881081363212,-0.0012713441536987835,0.1862510268351667
2017-05-04,-0.007879549743887741,-0.21796836055751986,0.000582045366039452,0.18683307220120615
2017-05-05,-0.0064404579674607,-0.22440881852498057,0.004088687267735702,0.19092175946894185
2017-05-08,0.0006423527807451249,-0.22376646574423545,3.751109703298283e-05,0.19095927056597484
2017-05-09,0.0001722949689868,-0.22359417077524865,-0.0010252648600889147,0.18993400570588592
2017-05-10,0.0,-0.22359417077524865,0.0011306176259533451,0.19106462333183927
2017-05-11,-0.0245593759029182,-0.24815354667816686,-0.002162833436821554,0.1889017898950177
2017-05-12,-0.0183574879227052,-0.26651103460087205,-0.0014784250179582514,0.18742336487705946
2017-05-15,0.0,-0.26651103460087205,0.004776444016897363,0.19219980889395682
2017-05-16,0.0101040118870729,-0.25640702271379917,-0.0006868360584768585,0.19151297283547997
2017-05-17,-0.0011873618625035005,-0.2575943845763027,-0.01817825856948263,0.17333471426599734
2017-05-18,-5.334862716674957e-05,-0.25764773320346945,0.0036868431882495223,0.17702155745424686
2017-05-19,-0.00100409172646845,-0.2586518249299379,0.00676749573068669,0.18378905318493355
2017-05-22,-0.0058243727598565,-0.26447619768979436,0.005160114706536767,0.18894916789147032
2017-05-23,0.0237198795180723,-0.24075631817172205,0.0018379127993919386,0.19078708069086225
2017-05-24,0.0023181603425911,-0.23843815782913094,0.0024891386829661855,0.19327621937382844
2017-05-25,-0.009950801237705401,-0.24838895906683633,0.004441875070184231,0.19771809444401267
2017-05-26,0.008276535129311532,-0.2401124239375248,0.0003105500047617671,0.19802864444877444
2017-05-30,0.0,-0.2401124239375248,-0.0012045599423798903,0.19682408450639455
2017-05-31,0.0114481969089868,-0.228664227028538,-0.00046002544645251664,0.19636405905994203
2017-06-01,0.04357034795764,-0.185093879070898,0.007571108715482167,0.2039351677754242
2017-06-02,-0.0103221544766848,-0.1954160335475828,0.003707727381216941,0.20764289515664114
2017-06-05,-0.044536101715628953,-0.23995213526321174,-0.0012176772294358873,0.20642521792720525
2017-06-06,0.0,-0.23995213526321174,-0.0027790320594393014,0.20364618586776595
2017-06-07,0.0,-0.23995213526321174,0.001568333655781684,0.20521451952354763
2017-06-08,0.010213764025416685,-0.22973837123779506,0.0002671445128517025,0.20548166403639934
2017-06-09,0.0081577158395649,-0.22158065539823016,-0.0008299812227020587,0.20465168281369728
2017-06-12,-0.006076589530561016,-0.22765724492879116,-0.000978710980068076,0.2036729718336292
2017-06-13,-0.0016322311057896,-0.22928947603458077,0.004511420562363311,0.2081843923959925
2017-06-14,0.012121212121212,-0.21716826391336877,-0.0009957588050893973,0.20718863359090312
2017-06-15,0.004839611332495675,-0.2123286525808731,-0.002239614097263254,0.20494901949363986
2017-06-16,-0.011279005441157567,-0.22360765802203067,0.00028366345181418673,0.20523268294545405
2017-06-19,-0.0076605774896875,-0.23126823551171816,0.00834720424141544,0.2135798871868695
2017-06-20,-0.0086395157273667,-0.23990775123908487,-0.006696665117833511,0.20688322206903598
2017-06-21,0.00534454999601275,-0.23456320124307212,-0.0005826764545369123,0.20630054561449906
2017-06-22,0.010438619955077999,-0.22412458128799412,-0.00045573798760889517,0.20584480762689017
2017-06-23,-0.003686812763244433,-0.22781139405123854,0.0015608954610804027,0.20740570308797057
2017-06-26,0.0176084195415571,-0.21020297450968145,0.00031579379075585834,0.20772149687872643
2017-06-27,-0.0186458979483998,-0.22884887245808125,-0.008072749039592986,0.19964874783913344
2017-06-28,-0.0095238095238094,-0.23837268198189066,0.0088080417296994,0.20845678956883285
2017-06-29,0.0098627787307032,-0.22850990325118745,-0.008600027041533398,0.19985676252729945
2017-06-30,-0.0512507626601586,-0.2797606659113461,0.0015332479232963436,0.2013900104505958
2017-07-03,-0.0219496449322143,-0.30171031084356037,0.0023107934687074394,0.20370080391930323
2017-07-05,-0.011455889239122366,-0.31316620008268276,0.0014532669688471778,0.2051540708881504
2017-07-06,-0.0034812112568247,-0.31664741133950747,-0.00936880791271677,0.19578526297543364
2017-07-07,0.0035125561949547004,-0.31313485514455275,0.006403153854134258,0.2021884168295679
2017-07-10,0.0093740550347747,-0.3037608001097781,0.0009277661864273146,0.2031161830159952
2017-07-11,0.0334223366514092,-0.27033846345836887,-0.0007827208199616686,0.20233346219603354
2017-07-12,0.0168609168609169,-0.253477546597452,0.007305619802682184,0.20963908199871573
2017-07-13,0.0,-0.253477546597452,0.00187455233807432,0.21151363433679005
2017-07-14,0.0109973045822102,-0.24248024201524176,0.0046735271648765675,0.2161871615016666
2017-07-17,-0.0103857566765578,-0.25286599869179954,-5.286121491343554e-05,0.21613430028675318
2017-07-18,0.0,-0.25286599869179954,0.0005977699520971491,0.21673207023885033
2017-07-19,-0.0202686466229476,-0.2731346453147471,0.0053726514969865136,0.22210472173583684
2017-07-20,-0.004838671471753079,-0.2779733167865002,-0.00015360796821128897,0.22195111376762555
2017-07-21,0.02048297942707465,-0.25749033735942556,-0.0003679071741898854,0.22158320659343567
2017-07-24,-0.005371905581111834,-0.2628622429405374,-0.0010636834995592093,0.22051952309387646
2017-07-25,0.0050895381715363,-0.2577727047690011,0.002923183435833865,0.22344270652971032
2017-07-26,-0.0018865767207867,-0.2596592814897878,0.0002825850883885206,0.22372529161809884
2017-07-27,0.0017924813354063996,-0.2578668001543814,-0.0009726252406339064,0.22275266637746494
2017-07-28,-0.00260991977649424,-0.2604767199308756,-0.0013411865461215866,0.22141147983134335
2017-07-31,-0.003498669106690175,-0.2639753890375658,-0.0007281258848751415,0.2206833539464682
2017-08-01,-0.009567024800344125,-0.2735424138379099,0.002449095251588762,0.22313244919805697
2017-08-02,0.007506679624527824,-0.26603573421338206,0.0004926605689827834,0.22362510976703975
2017-08-03,0.0019358279938769506,-0.26409990621950513,-0.0021835911800677232,0.22144151858697203
2017-08-04,-0.002374372813925114,-0.26647427903343024,0.0018890363083294837,0.22333055489530151
2017-08-07,-0.0037992718421099325,-0.27027355087554017,0.001647266869345021,0.22497782176464654
2017-08-08,0.0037203630662684005,-0.2665531878092718,-0.002414436638168982,0.22256338512647755
2017-08-09,-0.0016478796313839665,-0.26820106744065575,-0.0003636481179190021,0.22219973700855855
2017-08-10,0.006270958629668517,-0.2619301088109872,-0.01447441815345063,0.20772531885510792
2017-08-11,0.002464836058228822,-0.2594652727527584,0.0012755258980974293,0.20900084475320535
2017-08-14,0.0112844341188184,-0.24818083863393997,0.01004374682548792,0.21904459157869327
2017-08-15,0.0029537249753856,-0.24522711365855437,-0.0004988158193557357,0.21854577575933753
2017-08-16,-0.0084330794341674,-0.25366019309272175,0.0014201029777529683,0.2199658787370905
2017-08-17,-0.0023061884173074003,-0.25596638151002915,-0.015436913265616137,0.20452896547147437
2017-08-18,0.0016479717061215666,-0.2543184098039076,-0.0018353833934839914,0.20269358207799038
2017-08-21,0.0016704493419962664,-0.2526479604619113,0.0011626229102676966,0.20385620498825807
2017-08-22,0.0084427599098553,-0.244205200552056,0.009940824503679613,0.21379702949193768
2017-08-23,0.019982029407925567,-0.22422317114413043,-0.003453604674394928,0.21034342481754276
2017-08-24,-0.01253058958733744,-0.23675376073146787,-0.002074434133647607,0.20826899068389515
2017-08-25,-0.006538277060750299,-0.24329203779221817,0.0016728373042720346,0.20994182798816718
2017-08-28,0.0021113249819610666,-0.2411807128102571,0.00048709604797259054,0.21042892403613978
2017-08-29,-0.010821128367565665,-0.25200184117782276,0.0008427977612674997,0.21127172179740727
2017-08-30,0.0040545521562845,-0.24794728902153826,0.004615133058087695,0.21588685485549497
2017-08-31,-0.007523618571049698,-0.25547090759258795,0.005721051924853171,0.22160790678034814
2017-09-01,0.0184272551960574,-0.23704365239653055,0.0019824813383773066,0.22359038811872545
2017-09-05,-0.02971149166997755,-0.2667551440665081,-0.007550826754961659,0.2160395613637638
2017-09-06,0.03468581552080642,-0.23206932854570167,0.003128750737433128,0.21916831210119692
2017-09-07,0.0235223160434258,-0.20854701250227586,-0.00017845989113951521,0.2189898522100574
2017-09-08,0.00713017648299535,-0.2014168360192805,-0.001488783416494277,0.21750106879356312
2017-09-11,0.02817352725089105,-0.17324330876838945,0.01083922760346634,0.22834029639702946
2017-09-12,0.0,-0.17324330876838945,0.003363999180100441,0.2317042955771299
2017-09-13,-0.0864864864864865,-0.25972979525487594,0.0007570659488558285,0.23246136152598573
2017-09-14,-0.0050800101600202,-0.2648098054148961,-0.0011007176679195263,0.2313606438580662
2017-09-15,-0.00684639749313875,-0.2716562029080349,0.0018472363580994688,0.23320788021616567
2017-09-18,0.018684044923231426,-0.25297215798480344,0.0014558660603223306,0.234663746276488
2017-09-19,0.0,-0.25297215798480344,0.0011102812845715793,0.23577402756105958
2017-09-20,0.0161157682914804,-0.23685638969332304,0.0006343127281429606,0.23640834028920255
2017-09-21,0.0,-0.23685638969332304,-0.003045960514145296,0.23336237977505725
2017-09-22,-0.0102074571145032,-0.24706384680782623,0.0006478445173156988,0.23401022429237295
2017-09-25,0.00049557195957525,-0.24656827484825097,-0.002222026840165925,0.23178819745220702
2017-09-26,-0.002828722110281833,-0.24939699695853282,7.209632068461147e-05,0.23186029377289163
2017-09-27,-0.0011330160888285,-0.25053001304736133,0.004085163646849521,0.23594545741974116
2017-09-28,-0.0019658543064406332,-0.252495867353802,0.0012046078243665992,0.23715006524410776
2017-09-29,0.0,-0.252495867353802,0.0037050907149631662,0.24085515595907092
2017-10-02,0.003001524725556633,-0.24949434262824535,0.0038739997459671383,0.24472915570503806
2017-10-03,0.0179083479350786,-0.23158599469316676,0.002158853672423522,0.24688800937746158
2017-10-04,0.0,-0.23158599469316676,0.0012467548864110167,0.2481347642638726
2017-10-05,0.0,-0.23158599469316676,0.005646756562926125,0.2537815208267987
2017-10-06,0.0053349109723757,-0.22625108372079106,-0.0010736382622734686,0.25270788256452525
2017-10-09,-0.004908412939561775,-0.23115949666035282,-0.001804395664743219,0.25090348689978204
2017-10-10,-0.0008216353301045665,-0.2319811319904574,0.002322446782173193,0.25322593368195523
2017-10-11,-0.0208695652173912,-0.2528506972078486,0.001803468933287311,0.25502940261524254
2017-10-12,-0.0010747430281267,-0.2539254402359753,-0.0016867300136190755,0.25334267260162346
2017-10-13,0.013251552305101,-0.2406738879308743,0.0008781111202582625,0.2542207837218817
2017-10-16,0.0050445103857565,-0.23562937754511779,0.0017507647356032052,0.25597154845748493
2017-10-17,0.016978516978517,-0.2186508605666008,0.0006724949562879612,0.2566440434137729
2017-10-18,0.0,-0.2186508605666008,0.0007423730932734074,0.2573864165070463
2017-10-19,-0.0027087316762268,-0.22135959224282759,0.0003279635804251946,0.2577143800874715
2017-10-20,-0.008141208298146832,-0.2295008005409744,0.005116896296007312,0.2628312763834788
2017-10-23,-0.005654359314103228,-0.23515515985507765,-0.0039724915637947555,0.25885878481968405
2017-10-24,-0.008015065280978933,-0.24317022513605657,0.0016179463387628878,0.26047673115844694
2017-10-25,0.02724725836281973,-0.21592296677323686,-0.004663057143858063,0.2558136740145889
2017-10-26,-0.0016957397050164445,-0.2176187064782533,0.0012709461705413538,0.25708462018513023
2017-10-27,-0.006221115434814819,-0.22383982191306812,0.008072957350414134,0.26515757753554436
2017-10-30,-0.0030672245762712992,-0.2269070464893394,-0.0031924744388955872,0.2619651030966488
2017-10-31,-0.0009056021507586248,-0.22781264864009804,0.0009444852555358096,0.2629095883521846
2017-11-01,-0.00320570119194154,-0.2310183498320396,0.001592072256781707,0.2645016606089663
2017-11-02,0.02429786170986017,-0.2067204881221794,0.00018996960486306058,0.26469163021382935
2017-11-03,-0.00698571731319869,-0.2137062054353781,0.0030970792875555375,0.2677887095013849
2017-11-06,0.0029256543172854754,-0.21078055111809263,0.0012713305304810074,0.2690600400318659
2017-11-07,-0.02030949813231345,-0.23109004925040608,-0.00018910668318461443,0.2688709333486813
2017-11-08,0.0,-0.23109004925040608,0.0014436587098169973,0.2703145920584983
2017-11-09,-0.013731599781054567,-0.24482164903146064,-0.003761977813581785,0.2665526142449165
2017-11-10,-0.018520115001018248,-0.2633417640324789,-0.0008976174447306029,0.2656549968001859
2017-11-13,0.011446792680087733,-0.25189497135239114,0.0009836192541532451,0.26663861605433914
2017-11-14,0.009852425218842734,-0.24204254613354842,-0.002309620711533511,0.26432899534280563
2017-11-15,0.001042199994084875,-0.24100034613946356,-0.005525675974360822,0.2588033193684448
2017-11-16,-0.0044719642242861,-0.24547231036374967,0.008196146017733552,0.26699946538617836
2017-11-17,-0.0438988095238095,-0.28937111988755915,-0.0026260422951377427,0.2643734230910406
2017-11-20,0.0171190239043824,-0.27225209598317673,0.001275762452255913,0.26564918554329653
2017-11-21,-0.0083421541700975,-0.2805942501532742,0.006541086075890767,0.2721902716191873
2017-11-22,0.006383397616908067,-0.2742108525363661,-0.0007502799121211767,0.2714399917070661
2017-11-24,0.0289533211819931,-0.24525753135437303,0.002056155374497548,0.27349614708156367
2017-11-27,0.0,-0.24525753135437303,-0.0003842577293442506,0.2731118893522194
2017-11-28,0.0,-0.24525753135437303,0.00984846737551015,0.28296035672772957
2017-11-29,0.0017171020137141668,-0.24354042934065886,-0.00036923685973555553,0.282591119867994
2017-11-30,-0.021367126909177414,-0.2649075562498363,0.008190946928299692,0.2907820667962937
2017-12-01,0.0,-0.2649075562498363,-0.00202449028924534,0.28875757650704836
2017-12-04,-0.0234048481471162,-0.2883124043969525,-0.0010521455442770167,0.28770543096277135
2017-12-05,0.012198521296697202,-0.2761138831002553,-0.003739429575970621,0.2839660013868007
2017-12-06,-0.006350833570847267,-0.28246471667110257,-0.00011408709408766704,0.28385191429271306
2017-12-07,0.0105687381470029,-0.2718959785240997,0.0029323728639507607,0.2867842871566638
2017-12-08,0.0,-0.2718959785240997,0.005506298872194781,0.2922905860288586
2017-12-11,0.0,-0.2718959785240997,0.0032019611540636816,0.2954925471829223
2017-12-12,0.0,-0.2718959785240997,0.0015488780033008354,0.2970414251862231
2017-12-13,0.0060614807331503,-0.26583449779094936,-0.0004729534441145766,0.29656847174210854
2017-12-14,0.0245037980887037,-0.24133069970224566,-0.004070826370242253,0.2924976453718663
2017-12-15,0.0175202156334231,-0.22381048406882256,0.008974325134520456,0.30147197050638674
2017-12-18,0.0082197779986189,-0.21559070607020367,0.005362862086620401,0.30683483259300715
2017-12-19,0.0,-0.21559070607020367,-0.003230291135099761,0.3036045414579074
2017-12-20,-0.0015919664684991498,-0.21718267253870283,-0.0008279040973793172,0.30277663736052807
2017-12-21,-0.006535295836112833,-0.22371796837481567,0.0019856303069889503,0.304762267667517
2017-12-22,-0.0010190846766722,-0.22473705305148786,-0.0004581739347455649,0.30430409373277145
2017-12-26,0.0,-0.22473705305148786,-0.0010583824636460903,0.30324571126912536
2017-12-27,0.0,-0.22473705305148786,0.00079089722066783,0.3040366084897932
2017-12-28,0.0,-0.22473705305148786,0.0018340279279212002,0.3058706364177144
2017-12-29,0.0,-0.22473705305148786,-0.005183178668968558,0.30068745774874583
2018-01-02,0.0,-0.22473705305148786,0.008303380074131894,0.30899083782287773
2018-01-03,0.0,-0.22473705305148786,0.006398818907860759,0.3153896567307385
2018-01-04,-0.02482845187876275,-0.24956550493025062,0.004028661363921104,0.3194183180946596
2018-01-05,-0.0165919848883979,-0.2661574898186485,0.007033799683552555,0.32645211777821215
2018-01-08,0.0,-0.2661574898186485,0.0016623225124401397,0.3281144402906523
2018-01-09,0.0,-0.2661574898186485,0.0013029031448006378,0.3294173434354529
2018-01-10,0.0239688715953308,-0.24218861822331772,-0.0011122055472160275,0.3283051378882369
2018-01-11,0.0096364432763908,-0.23255217494692693,0.007033618001404562,0.33533875588964146
2018-01-12,-0.0094953586136636,-0.24204753356059053,0.006749627831013516,0.342088383720655
2018-01-16,-0.00606251680021675,-0.24811005036080727,-0.0035244630756861017,0.3385639206449689
2018-01-17,-0.017378497790869,-0.2654885481516763,0.009415002053003496,0.34797892269797237
2018-01-18,0.0220945647370746,-0.24339398341460167,-0.001616379310344751,0.3463625433876276
2018-01-19,0.0199292660379094,-0.22346471737669227,0.004385228178396927,0.35074777156602455
2018-01-22,-0.0266429840142095,-0.25010770139090177,0.008066754439027823,0.35881452600505237
2018-01-23,0.0,-0.25010770139090177,0.002174396481431362,0.36098892248648373
2018-01-24,0.0,-0.25010770139090177,-0.0005600307136341964,0.36042889177284954
2018-01-25,-0.004183087541338242,-0.25429078893224,0.0006026346765155566,0.3610315264493651
2018-01-26,0.015430860943025999,-0.238859927989214,0.011841155234656897,0.372872681684022
2018-01-29,-0.0066445182724251,-0.2455044462616391,-0.006731944014173874,0.3661407376698481
2018-01-30,-0.006493258700232325,-0.2519977049618714,-0.010898781509218525,0.3552419561606296
2018-01-31,-0.012782570113332017,-0.2647802750752034,0.0004889403811609849,0.3557308965417906
2018-02-01,-0.03780672605735183,-0.3025870011325552,-0.0006480605989779287,0.35508283594281265
2018-02-02,0.021878881932110825,-0.28070811920044436,-0.021208513171602883,0.33387432277120976
2018-02-05,-0.006104624052769097,-0.28681274325321343,-0.040979244278871785,0.292895078492338
